3;1;AIM-9P OR -9P-1;AIM-9P OR -9P-1;1/9;166.00;364.10;189.40;
4;1;AIM-9P-2, -9P-3, OR -9P-4;AIM-9P-2, -9P-3, OR -9P-4;1/9;178.00;365.00;189.40;
5;1;AIM-9L OR -9M;AIM-9L OR -9M;1/9;195.00;365.50;189.40;
6;1;AIM-9P OR -9P-1;AIM-9P OR -9P-1;1/9;166.00;363.10;189.10;
7;1;AIM-9P-2, -9P-3, OR -9P-4;AIM-9P-2, -9P-3, OR -9P-4;1/9;178.00;364.00;189.10;
8;1;AIM-9L OR -9M;AIM-9L OR -9M;1/9;195.00;364.50;189.10;
9;1;AIM-9X;AIM-9X;1/9;186.00;365.00;189.10;
10;1;AIM-120A;AIM-120A;1/9;339.00;360.50;189.70;
11;1;AIM-120B;AIM-120B;1/9;341.00;360.50;189.80;
12;1;AIM-120C;AIM-120C;1/9;341.00;360.50;189.80;
13;1;AIM-120C-5 OR C-6;AIM-120C-5 OR C-6;1/9;355.00;360.30;189.80;
14;1;AIM-120C-7;AIM-120C-7;1/9;356.00;360.30;189.80;
15;1;AIM-9 (INERT);AIM-9 (INERT);1/9;169.00;363.00;189.40;
16;1;AIM-9 (INERT);AIM-9 (INERT);1/9;169.00;362.00;189.10;
17;1;CATM-120A, B;CATM-120A, B;1/9;345.00;360.50;189.70;
18;1;CATM-120C (101);CATM-120C (101);1/9;341.00;360.50;189.80;
19;1;AIM-9L AMD;AIM-9L AMD;1/9;184.00;364.70;189.40;
20;1;AIM-9L AMD;AIM-9L AMD;1/9;184.00;363.70;189.10;
21;1;AIM-9P AMD;AIM-9P AMD;1/9;178.00;366.00;189.40;
22;1;AIM-9P AMD;AIM-9P AMD;1/9;178.00;365.00;189.10;
23;1;AIS OR ACMI POD;AIS OR ACMI POD;1/9;123.00;363.40;189.40;
24;1;AIS OR ACMI POD;AIS OR ACMI POD;1/9;123.00;362.30;189.10;
25;1;AN/ARQ-52(V)-2, 3, 4;AN/ARQ-52(V)-2, 3, 4;1/9;130.00;364.30;189.40;
26;1;AN/ARQ-52(V)-2, 3, 4;AN/ARQ-52(V)-2, 3, 4;1/9;130.00;363.30;189.10;
27;1;AN/ARQ-52B(V)-2;AN/ARQ-52B(V)-2;1/9;139.00;364.80;189.40;
28;1;AN/ARQ-52B(V)-2;AN/ARQ-52B(V)-2;1/9;139.00;363.80;189.10;
29;1;AN/ARQ-52B(V)-17;AN/ARQ-52B(V)-17;1/9;135.00;364.00;189.40;
30;1;AN/ARQ-52B(V)-17;AN/ARQ-52B(V)-17;1/9;135.00;363.00;189.10;
31;1;GRDCS II SHOOTER POD;GRDCS II SHOOTER POD;1/9;127.00;363.30;189.40;
32;1;GRDCS II SHOOTER POD;GRDCS II SHOOTER POD;1/9;127.00;362.30;189.10;
39;1;AIM-9P OR -9P-1;AIM-9P OR -9P-1;2/8;166.00;354.50;157.00;
40;1;AIM-9P-2, -9P-3, OR -9P-4;AIM-9P-2, -9P-3, OR -9P-4;2/8;178.00;355.40;157.00;
41;1;AIM-9L OR -9M;AIM-9L OR -9M;2/8;195.00;355.90;157.00;
45;1;AIM-9P OR -9P-1;AIM-9P OR -9P-1;2/8;166.00;353.40;157.00;
46;1;AIM-9P-2, -9P-3, OR -9P-4;AIM-9P-2, -9P-3, OR -9P-4;2/8;178.00;354.30;157.00;
47;1;AIM-9L OR -9M;AIM-9L OR -9M;2/8;195.00;354.80;157.00;
48;1;AIM-9X;AIM-9X;2/8;186.00;355.50;157.00;
57;1;AIM-120A;AIM-120A;2/8;339.00;350.90;157.00;
58;1;AIM-120B;AIM-120B;2/8;341.00;350.90;157.00;
59;1;AIM-120C;AIM-120C;2/8;341.00;350.90;157.00;
60;1;AIM-120C-5 OR -6;AIM-120C-5 OR -6;2/8;355.00;350.70;157.00;
61;1;AIM-120C-7;AIM-120C-7;2/8;356.00;350.70;157.00;
62;1;AIM-9 (INERT);AIM-9 (INERT);2/8;169.00;353.40;157.00;
64;1;AIM-9 (INERT);AIM-9 (INERT);2/8;169.00;352.30;157.00;
66;1;CATM-120A, B;CATM-120A, B;2/8;345.00;350.90;157.00;
68;1;CATM-120C (101);CATM-120C (101);2/8;341.00;350.90;157.00;
69;1;CATM-120C (101);CATM-120C (101);2/8;341.00;350.90;157.00;
70;1;AIM-9L AMD;AIM-9L AMD;2/8;184.00;355.10;157.00;
71;1;AIM-9L AMD;AIM-9L AMD;2/8;184.00;354.00;157.00;
74;1;AIM-9P AMD;AIM-9P AMD;2/8;178.00;356.40;157.00;
75;1;AIM-9P AMD;AIM-9P AMD;2/8;178.00;355.40;157.00;
78;1;AIS OR ACMI POD;AIS OR ACMI POD;2/8;123.00;353.80;157.00;
80;1;AIS OR ACMI POD;AIS OR ACMI POD;2/8;123.00;352.70;157.00;
82;1;AN/ARQ-52(V)-2, -3, -4;AN/ARQ-52(V)-2, -3, -4;2/8;130.00;354.70;157.00;
83;1;AN/ARQ-52(V)-2, -3, -4;AN/ARQ-52(V)-2, -3, -4;2/8;130.00;353.70;157.00;
86;1;AN/ARQ-52(V)-7;AN/ARQ-52(V)-7;2/8;135.00;355.40;157.00;
87;1;AN/ARQ-52(V)-7;AN/ARQ-52(V)-7;2/8;135.00;354.30;157.00;
90;1;AN/ARQ-52B(V)-2;AN/ARQ-52B(V)-2;2/8;139.00;355.20;157.00;
91;1;AN/ARQ-52B(V)-2;AN/ARQ-52B(V)-2;2/8;139.00;354.20;157.00;
92;1;AN/ARQ-52B(V)-17;AN/ARQ-52B(V)-17;2/8;135.00;354.30;157.00;
93;1;AN/ARQ-52B(V)-17;AN/ARQ-52B(V)-17;2/8;135.00;353.30;157.00;
94;1;GRDCS II SHOOTER POD;GRDCS II SHOOTER POD;2/8;127.00;353.60;157.00;
96;1;GRDCS II SHOOTER POD;GRDCS II SHOOTER POD;2/8;127.00;352.60;157.00;
129;1;AIM-9P OR -9P-1;AIM-9P OR -9P-1;3/7;166.00;328.40;120.00;
130;1;AIM-9P-2, -9P-3, OR -9P-4;AIM-9P-2, -9P-3, OR -9P-4;3/7;178.00;329.30;120.00;
131;1;AIM-9L OR -9M;AIM-9L OR -9M;3/7;195.00;329.80;120.00;
132;1;AIM-9P OR -9P-1;AIM-9P OR -9P-1;3/7;166.00;327.40;120.00;
133;1;AIM-9P-2, -9P-3, OR -9P-4;AIM-9P-2, -9P-3, OR -9P-4;3/7;178.00;328.30;120.00;
134;1;AIM-9L OR -9M;AIM-9L OR -9M;3/7;195.00;328.80;120.00;
135;1;AIM-9X;AIM-9X;3/7;186.00;329.30;120.00;
136;1;AIM-120A;AIM-120A;3/7;339.00;324.90;120.00;
137;1;AIM-120B;AIM-120B;3/7;341.00;324.90;120.00;
138;1;AIM-120C;AIM-120C;3/7;341.00;324.90;120.00;
139;1;AIM-120C-5 OR -6;AIM-120C-5 OR -6;3/7;355.00;324.60;120.00;
140;1;AIM-120C-7;AIM-120C-7;3/7;356.00;324.60;120.00;
141;1;AGM-65A, B INBOARD;AGM-65A, B;3/7;464.00;336.90;103.70;
142;1;AGM-65A, B CENTER;AGM-65A, B;3/7;464.00;337.60;120.00;
143;1;AGM-65A, B OUTBOARD;AGM-65A, B;3/7;464.00;336.90;136.40;
144;1;AGM-65D INBOARD;AGM-65D;3/7;486.00;335.70;103.70;
145;1;AGM-65D CENTER;AGM-65D;3/7;486.00;336.40;120.00;
146;1;AGM-65D OUTBOARD;AGM-65D;3/7;486.00;335.70;136.40;
147;1;AGM-65H INBOARD;AGM-65H;3/7;471.00;336.40;103.70;
148;1;AGM-65H CENTER;AGM-65H;3/7;471.00;337.10;120.00;
149;1;AGM-65H OUTBOARD;AGM-65H;3/7;471.00;336.40;136.40;
150;1;AGM-65A, B;AGM-65A, B;3/7;464.00;341.80;120.00;
151;1;AGM-65D;AGM-65D;3/7;486.00;340.60;120.00;
152;1;AGM-65G;AGM-65G;3/7;672.00;337.20;120.00;
153;1;AGM-65H;AGM-65H;3/7;471.00;341.30;120.00;
154;1;AGM-65K;AGM-65K;3/7;657.00;338.20;120.00;
155;1;AGM-88B, C;AGM-88B, C;3/7;770.00;325.40;120.00;
156;1;AGM-154A (JSOW);AGM-154A (JSOW);3/7;1064.00;339.30;120.00;
157;1;AGM-154/A INBOARD;AGM-154/A;3/7;1064.00;339.60;108.10;
158;1;AGM-154/A OUTBOARD;AGM-154/A;3/7;1064.00;339.60;131.90;
159;1;AGM-154/B INBOARD;AGM-154/B;3/7;1046.00;338.80;108.10;
160;1;AGM-154/B OUTBOARD;AGM-154/B;3/7;1046.00;338.80;131.90;
161;1;AGM-158A (JASSM);AGM-158A;3/7;2160.00;340.00;120.00;
162;19;ROCKETS W/MK-4 RM & M151, M156 OR WTU-1B WH;ROCKETS;3/7;22.00;336.40;120.00;
163;19;ROCKETS W/MK-4 RM & MK-1, MK-5 OR WK-61 WH;ROCKETS;3/7;18.00;336.70;120.00;
164;19;ROCKETS W/MK-4 RM & M151 OR M156 WARHEAD CENTER;ROCKETS;3/7;22.00;337.20;120.00;
165;19;ROCKETS W/MK-4 RM & M151 OR M156 WARHEAD OUTBOARD;ROCKETS;3/7;22.00;336.50;131.30;
166;19;ROCKETS W/MK-4 RM & MK-1 OR MK-5 WARHEAD CENTER;ROCKETS;3/7;18.00;337.50;120.00;
167;19;ROCKETS W/MK-4 RM & MK-1 OR MK-5 WARHEAD OUTBOARD;ROCKETS;3/7;18.00;336.90;131.30;
168;7;ROCKETS W/MK-4 RM & M151 OR M156 WARHEAD CENTER;ROCKETS;3/7;22.00;340.20;120.00;
169;7;ROCKETS W/MK-4 RM & M151 OR M156 WARHEAD OUTBOARD;ROCKETS;3/7;22.00;339.70;129.40;
170;7;ROCKETS W/MK-4 RM & MK-1 OR MK-5 WARHEAD CENTER;ROCKETS;3/7;18.00;343.20;120.00;
171;7;ROCKETS W/MK-4 RM & MK-1 OR MK-5 WARHEAD OUTBOARD;ROCKETS;3/7;18.00;342.60;129.40;
172;1;CBU-87/B, A/B, B/B, C/B;CBU-87;3/7;950.00;339.10;120.00;
173;1;CBU-89/B, A/B;CBU-89;3/7;702.00;339.40;120.00;
174;1;CBU-97/B;CBU-97;3/7;951.00;339.70;120.00;
175;1;CBU-103/B, A/B, B/B (WCMD);CBU-103;3/7;957.00;340.10;120.00;
176;1;CBU-104/B, A/B (WCMD);CBU-104;3/7;744.00;342.20;120.00;
177;1;CBU-105/B, A/B (WCMD);CBU-105;3/7;945.00;341.70;120.00;
178;1;CBU-105D/B (WCMD);CBU-105D;3/7;946.00;324.60;120.00;
179;1;CBU-107/B (PAW) (WCMD);CBU-107;3/7;996.00;341.50;120.00;
180;1;CBU-87/B, A/B, B/B, C/B CENTER;CBU-87;3/7;950.00;339.90;120.00;
181;1;CBU-87/B, A/B, B/B, C/B OUTBOARD;CBU-87;3/7;950.00;339.30;131.30;
182;1;CBU-89/B, A/B CENTER;CBU-89;3/7;702.00;340.20;120.00;
183;1;CBU-89/B, A/B OUTBOARD;CBU-89;3/7;702.00;339.60;131.30;
184;1;CBU-97/B CENTER;CBU-97;3/7;951.00;340.50;120.00;
185;1;CBU-97/B OUTBOARD;CBU-97;3/7;951.00;339.90;131.30;
186;1;CBU-103/B, A/B, B/B (WCMD) INBOARD;CBU-103;3/7;957.00;340.40;108.20;
187;1;CBU-103/B, A/B, B/B (WCMD) OUTBOARD;CBU-103;3/7;957.00;340.40;131.80;
188;1;CBU-104/B, A/B (WCMD) INBOARD;CBU-104;3/7;744.00;342.60;108.20;
189;1;CBU-104/B, A/B (WCMD) OUTBOARD;CBU-104;3/7;744.00;342.60;131.80;
190;1;CBU-105/B, A/B, B/B (WCMD) INBOARD;CBU-105;3/7;945.00;342.00;108.20;
191;1;CBU-105/B, A/B, B/B (WCMD) OUTBOARD;CBU-105;3/7;945.00;342.00;131.80;
192;1;CBU-105D/B (WCMD) INBOARD;CBU-105D;3/7;946.00;342.00;108.20;
193;1;CBU-105D/B (WCMD) OUTBOARD;CBU-105D;3/7;946.00;342.00;131.80;
194;1;CBU-107/B (WCMD) INBOARD;CBU-107;3/7;996.00;341.90;108.20;
195;1;CBU-107/B (WCMD) OUTBOARD;CBU-107;3/7;996.00;341.90;131.80;
196;1;M129E2;M129E2;3/7;229.00;343.80;120.00;
197;1;PDU-5/B;PDU-5/B;3/7;283.00;339.70;120.00;
198;1;MK 82 LDGP;MK 82 LDGP;3/7;510.00;338.60;120.00;
199;1;MK 82 LDGP (OR BDU-50/B) INBOARD;MK 82 LDGP;3/7;510.00;338.80;110.40;
200;1;MK 82 LDGP (OR BDU-50/B) CENTER;MK 82 LDGP;3/7;510.00;339.40;120.00;
201;1;MK 82 LDGP (OR BDU-50/B) OUTBOARD;MK 82 LDGP;3/7;510.00;338.80;129.60;
202;1;MK 84;MK 84;3/7;1970.00;338.20;120.00;
203;1;MK 82 AIR;MK 82 AIR;3/7;540.00;340.50;120.00;
204;1;MK 82 AIR INBOARD;MK 82 AIR;3/7;540.00;340.70;110.40;
205;1;MK 82 AIR CENTER;MK 82 AIR;3/7;540.00;341.30;120.00;
206;1;MK 82 AIR OUTBOARD;MK 82 AIR;3/7;540.00;340.70;129.60;
207;1;MK 84 AIR;MK 84 AIR;3/7;2010.00;338.30;120.00;
208;1;BLU-107/B;BLU-107;3/7;482.00;343.90;120.00;
209;1;BLU-107/B INBOARD;BLU-107;3/7;482.00;344.10;110.70;
210;1;BLU-107/B CENTER;BLU-107;3/7;482.00;344.70;120.00;
211;1;BLU-107/B OUTBOARD;BLU-107;3/7;482.00;344.10;129.30;
212;1;BLU-109/B;BLU-109;3/7;2020.00;337.60;120.00;
213;1;GBU-10C/B, D/B, E/B, F/B;GBU-10C/B, D/B, E/B, F/B;3/7;2052.00;336.10;120.00;
214;1;GBU-10G/B, H/B, J/B;GBU-10G/B, H/B, J/B;3/7;2135.00;336.70;120.00;
215;1;GBU-12B/B, C/B, D/B, E/B;GBU-12;3/7;611.00;337.90;120.00;
216;1;GBU-24A/B;GBU-24A;3/7;2354.00;337.10;120.00;
217;1;GBU-24/B;GBU-24;3/7;2306.00;336.80;120.00;
218;1;GBU-27A/B;GBU-27A;3/7;2218.00;335.00;120.00;
219;1;GBU-27/B;GBU-27;3/7;2185.00;334.70;120.00;
220;1;GBU-31(V)1/B (JDAM);GBU-31;3/7;2071.00;339.80;120.00;
221;1;GBU-31B(V)1/B (JDAM);GBU-31B;3/7;2064.00;340.00;120.00;
222;1;GBU-31C(V)1/B (JDAM);GBU-31C;3/7;2066.00;340.00;120.00;
223;1;GBU-31(V)3/B (JDAM);GBU-31(V)3;3/7;2144.00;339.30;120.00;
224;1;GBU-31B(V)3/B (JDAM);GBU-31B(V)3;3/7;2135.00;339.20;120.00;
225;1;GBU-31C(V)3/B (JDAM);GBU-31C(V)3;3/7;2136.00;339.20;120.00;
226;1;GBU-38/B (JDAM);GBU-38;3/7;547.00;341.20;120.00;
227;1;GBU-38B/B (JDAM);GBU-38B;3/7;551.00;341.40;120.00;
228;1;GBU-38C/B (JDAM);GBU-38C;3/7;552.00;341.50;120.00;
229;1;GBU-38(V)4/B (LCBD-JDAM);GBU-38(V)4;3/7;555.00;341.70;120.00;
230;1;GBU-38(V)5/B, B(V)5/B, C(V)5/B (BLU-129);GBU-38(V)5;3/7;567.00;341.00;120.00;
231;1;GBU-38B(V)4/B (LCBD-JDAM);GBU-38B(V)4;3/7;554.00;341.70;120.00;
232;1;GBU-38C(V)4/B (LCBD-JDAM);GBU-38C(V)4;3/7;556.00;341.70;120.00;
233;1;GBU-51/B (LCBD-PW II);GBU-51;3/7;620.00;336.60;120.00;
234;1;GBU-54(V)5/B, B(V)5/B, C(V)5/B (BLU-129);GBU-54;3/7;567.00;341.00;120.00;
235;1;GBU-38(V)/B (JDAM) INBOARD;GBU-38;3/7;547.00;341.60;108.40;
236;1;GBU-38(V)/B (JDAM) OUTBOARD;GBU-38;3/7;547.00;341.60;131.60;
237;1;GBU-38B/B (JDAM) INBOARD;GBU-38B;3/7;551.00;341.70;108.40;
238;1;GBU-38B/B (JDAM) OUTBOARD;GBU-38B;3/7;551.00;341.70;131.60;
239;1;GBU-38C/B (JDAM) INBOARD;GBU-38C;3/7;552.00;341.90;108.40;
240;1;GBU-38C/B (JDAM) OUTBOARD;GBU-38C;3/7;552.00;341.90;131.60;
241;1;GBU-38(V)4/B (LCBD-JDAM) INBOARD;GBU-38(V)4;3/7;555.00;342.00;108.40;
242;1;GBU-38(V)4/B (LCBD-JDAM) OUTBOARD;GBU-38(V)4;3/7;555.00;342.00;131.60;
243;1;GBU-38B(V)4/B (LCBD-JDAM) INBOARD;GBU-38B(V)4;3/7;554.00;342.00;108.40;
244;1;GBU-38B(V)4/B (LCBD-JDAM) OUTBOARD;GBU-38B(V)4;3/7;554.00;342.00;131.60;
245;1;GBU-38C(V)4/B (LCBD-JDAM) INBOARD;GBU-38C(V)4;3/7;556.00;342.10;108.40;
246;1;GBU-38C(V)4/B (LCBD-JDAM) OUTBOARD;GBU-38C(V)4;3/7;556.00;342.10;131.60;
247;1;GBU-38(V)5/B, B(V)5/B, C(V)5/B (BLU-129) INBOARD;GBU-38(V)5;3/7;567.00;341.40;108.40;
248;1;GBU-38(V)5/B, B(V)5/B, C(V)5/B (BLU-129) OUTBOARD;GBU-38(V)5;3/7;567.00;341.40;131.60;
249;1;GBU-54(V)1/B (L-JDAM) INBOARD;GBU-54(V)1;3/7;564.00;341.60;108.40;
250;1;GBU-54(V)1/B (L-JDAM) OUTBOARD;GBU-54(V)1;3/7;564.00;341.60;131.60;
251;1;GBU-54B(V)1/B (L-JDAM) INBOARD;GBU-54B(V)1;3/7;565.00;341.60;108.40;
252;1;GBU-54B(V)1/B (L-JDAM) OUTBOARD;GBU-54B(V)1;3/7;565.00;341.60;131.60;
253;1;GBU-54C(V)1/B (L-JDAM) INBOARD;GBU-54C(V)1;3/7;565.00;341.60;108.40;
254;1;GBU-54C(V)1/B (L-JDAM) OUTBOARD;GBU-54C(V)1;3/7;565.00;341.60;131.60;
255;1;GBU-54(V)5/B, B(V)5/B, C(V)5/B (BLU-129) INBOARD;GBU-54(V)5;3/7;567.00;341.40;108.40;
256;1;GBU-54(V)5/B, B(V)5/B, C(V)5/B (BLU-129) OUTBOARD;GBU-54(V)5;3/7;567.00;341.40;131.60;
257;1;GBU-12B/B, C/B, D/B, E/B CENTER;GBU-12;3/7;611.00;338.70;120.00;
258;1;GBU-12B/B, C/B, D/B, E/B OUTBOARD;GBU-12;3/7;611.00;338.10;129.60;
259;1;GBU-51/B (LCBD-PW II) CENTER;GBU-51;3/7;620.00;337.40;120.00;
260;1;GBU-51/B (LCBD-PW II) OUTBOARD;GBU-51;3/7;620.00;336.80;129.70;
261;1;GBU-54(V)1/B (L-JDAM);GBU-54(V)1;3/7;564.00;341.20;120.00;
262;1;GBU-54B(V)1/B (L-JDAM);GBU-54B(V)1;3/7;565.00;341.30;120.00;
263;1;GBU-54C(V)1/B (L-JDAM);GBU-54C(V)1;3/7;565.00;341.30;120.00;
264;1;BDU-38;BDU-38;3/7;716.00;338.80;120.00;
265;1;B-61 MOD 3, 4, 10, CTU-1, CTU-2, and VFA;B-61;3/7;751.00;339.70;120.00;
266;1;MINIATURE AIR LAUNCHED DECOY (MALD);MALD;3/7;101.00;339.60;120.00;
267;1;MINIATURE AIR LAUNCHED DECOY (MALD);MALD;3/7;101.00;339.60;120.00;
268;1;MINIATURE AIR LAUNCHED DECOY (MALD) CENTER;MALD;3/7;101.00;340.40;120.00;
269;1;MINIATURE AIR LAUNCHED DECOY (MALD) OUTBOARD;MALD;3/7;101.00;339.80;128.00;
270;1;MINIATURE AIR LAUNCHED DECOY (MALD) INBOARD;MALD;3/7;101.00;339.90;109.00;
271;1;MINIATURE AIR LAUNCHED DECOY (MALD) OUTBOARD;MALD;3/7;101.00;339.90;131.00;
272;1;ALQ-131(V)-4 THRU -6 (DEEP W/O RECEIVER PROCESSOR);ALQ-131(V)-4 THRU -6;3/7;659.00;334.00;120.00;
273;1;ALQ-131(V)-12 (DEEP, BLOCK II W/O RECEIVER PROCESSOR);ALQ-131(V)-12;3/7;674.00;334.40;120.00;
274;1;ALQ-131(V)-13 (SHALLOW, BLOCK II W/O RECEIVER PROCESSOR);ALQ-131(V)-13;3/7;574.00;336.40;120.00;
275;1;ALQ-131(V)-14 (DEEP, BLOCK II WITH RECEIVER PROCESSOR);ALQ-131(V)-14;3/7;674.00;333.50;120.00;
276;1;ALQ-131(V)-15 (SHALLOW, BLOCK II WITH RECEIVER PROCESSOR);ALQ-131(V)-15;3/7;614.00;334.80;120.00;
277;1;ALQ-184(V)-7;ALQ-184(V)-7;3/7;631.00;337.00;120.00;
278;1;ALQ-184(V)-8;ALQ-184(V)-8;3/7;471.00;338.00;120.00;
279;1;ALQ-184(V)-11;ALQ-184(V)-11;3/7;631.00;336.90;120.00;
280;1;ALQ-184(V)-12;ALQ-184(V)-12;3/7;474.00;338.30;120.00;
281;1;ALQ-184(V)-14;ALQ-184(V)-14;3/7;473.00;337.90;120.00;
282;1;ALQ-188(V);ALQ-188(V);3/7;313.00;339.80;120.00;
283;1;ALQ-188(V)-7, -8, -9, -10;ALQ-188(V)-7, -8, -9, -10;3/7;328.00;338.80;120.00;
284;1;ALQ-188(V)-13, -14;ALQ-188(V)-13, -14;3/7;327.00;338.00;120.00;
285;1;ALQ-188(V)-17, -18;ALQ-188(V)-17, -18;3/7;324.00;338.70;120.00;
286;1;ALQ-188(V)1-100;ALQ-188(V)1-100;3/7;319.00;339.60;120.00;
287;1;ALQ-188(V)1-101, -102;ALQ-188(V)1-101, -102;3/7;335.00;341.30;120.00;
288;1;ALQ-188(V)2-200, -201;ALQ-188(V)2-200, -201;3/7;349.00;340.40;120.00;
289;1;ALQ-188(V)3-300, -301;ALQ-188(V)3-300, -301;3/7;345.00;341.00;120.00;
290;1;AIM-9 (INERT);AIM-9 (INERT);3/7;169.00;327.30;120.00;
291;1;AIM-9 (INERT);AIM-9 (INERT);3/7;169.00;326.30;120.00;
292;1;CATM-120A, B, C;CATM-120A, B, C;3/7;345.00;324.90;120.00;
293;1;CATM-120C (101);CATM-120C (101);3/7;341.00;324.90;120.00;
294;1;ATM-88B, C;ATM-88;3/7;770.00;325.40;120.00;
295;1;CATM-65H, K INBOARD;CATM-65;3/7;474.00;336.20;103.70;
296;1;CATM-65H, K CENTER;CATM-65;3/7;474.00;336.90;120.00;
297;1;CATM-65H, K OUTBOARD;CATM-65;3/7;474.00;336.20;136.30;
298;1;CATM-65H, K;CATM-65;3/7;474.00;341.30;120.00;
299;1;CATM-88B, C (WITH WINGS AND FINS);CATM-88;3/7;795.00;324.90;120.00;
300;1;CATM-88B, C (W/O WINGS AND FINS);CATM-88;3/7;733.00;323.10;120.00;
301;1;ATM-154A (JSOW);ATM-154A;3/7;1078.00;339.20;120.00;
302;1;ATM-154B (JSOW);ATM-154B;3/7;1069.00;333.80;120.00;
303;1;TGM-65A, B INBOARD;TGM-65A, B;3/7;470.00;336.60;103.70;
304;1;TGM-65A, B CENTER;TGM-65A, B;3/7;470.00;337.30;120.00;
305;1;TGM-65A, B OUTBOARD;TGM-65A, B;3/7;470.00;336.60;136.30;
306;1;TGM-65D, G INBOARD;TGM-65D, G;3/7;474.00;334.60;103.70;
307;1;TGM-65D, G CENTER;TGM-65D, G;3/7;474.00;335.30;120.00;
308;1;TGM-65D, G OUTBOARD;TGM-65D, G;3/7;474.00;334.60;136.30;
309;1;TGM-65A, B;TGM-65A, B;3/7;470.00;341.50;120.00;
310;1;TGM-65D, G;TGM-65D, G;3/7;474.00;339.50;120.00;
311;4;2.75” FFAR M-151;2.75” FFAR M-151;3/7;21.00;352.40;120.00;
312;4;2.75” FFAR TARGET MARKING;2.75” FFAR TM;3/7;20.00;352.40;120.00;
313;6;BDU-33B/B OR -33D/B;6 x BDU-33;3/7;24.00;340.30;120.00;
314;3;BDU-33B/B OR -33D/B;3 x BDU-33;3/7;24.00;333.30;120.00;
315;1;BDU-50A/B, /B;BDU-50;3/7;510.00;338.60;120.00;
316;1;BDU-50A/B, /B INBOARD;BDU-50;3/7;510.00;338.80;110.40;
317;1;BDU-50A/B, /B CENTER;BDU-50;3/7;510.00;339.40;120.00;
318;1;BDU-50A/B, /B OUTBOARD;BDU-50;3/7;510.00;338.80;129.60;
319;1;BDU-56/B;BDU-56;3/7;1840.00;336.30;120.00;
320;6;MK 106;6 x MK 106;3/7;5.00;341.70;120.00;
321;1;AIM-9L AMD;AIM-9L AMD;3/7;184.00;329.10;120.00;
322;1;AIM-9L AMD;AIM-9L AMD;3/7;184.00;328.00;120.00;
323;1;AIM-9P AMD;AIM-9P AMD;3/7;178.00;330.40;120.00;
324;1;AIM-9P AMD;AIM-9P AMD;3/7;178.00;329.40;120.00;
325;1;AIS OR ACMI POD;AIS OR ACMI POD;3/7;123.00;327.70;120.00;
326;1;AIS OR ACMI POD;AIS OR ACMI POD;3/7;123.00;326.60;120.00;
327;1;AN/ARQ-52(V)-2, -3, -4;AN/ARQ-52(V)-2, -3, -4;3/7;130.00;328.70;120.00;
328;1;AN/ARQ-52(V)-2, -3, -4;AN/ARQ-52(V)-2, -3, -4;3/7;130.00;327.70;120.00;
329;1;AN/ARQ-52(V)-7;AN/ARQ-52(V)-7;3/7;135.00;329.30;120.00;
330;1;AN/ARQ-52(V)-7;AN/ARQ-52(V)-7;3/7;135.00;328.30;120.00;
331;1;AN/ARQ-52B(V)-2;AN/ARQ-52B(V)-2;3/7;139.00;328.80;120.00;
332;1;AN/ARQ-52B(V)-2;AN/ARQ-52B(V)-2;3/7;139.00;327.10;120.00;
333;1;AN/ARQ-52B(V)-17;AN/ARQ-52B(V)-17;3/7;135.00;328.30;120.00;
334;1;AN/ARQ-52B(V)-17;AN/ARQ-52B(V)-17;3/7;135.00;327.30;120.00;
335;1;GRDCS II SHOOTER POD;GRDCS II SHOOTER POD;3/7;127.00;327.60;120.00;
336;1;GRDCS II SHOOTER POD;GRDCS II SHOOTER POD;3/7;127.00;326.60;120.00;
354;1;370 GAL FUEL TANK;370 GAL FUEL TANK;4/6;259.00;309.45;71.00;
357;1;600 GAL FUEL TANK;600 GAL FUEL TANK;4/6;399.00;322.05;71.00;
358;19;ROCKETS W/MK-4 RM & M151, M156 OR WTU-1B WH;ROCKETS;4/6;22.00;303.60;71.00;
359;19;ROCKETS W/MK-4 RM & MK-1, MK-5 OR WK-61 WH;ROCKETS;4/6;18.00;303.90;71.00;
360;1;CBU-87/B, A/B, B/B, C/B;CBU-87;4/6;950.00;306.30;71.00;
361;1;CBU-89/B, A/B;CBU-89;4/6;702.00;306.60;71.00;
362;1;CBU-97/B;CBU-97;4/6;951.00;306.90;71.00;
363;1;CBU-52B/B CENTER;CBU-52B;4/6;950.00;307.10;71.00;
364;1;CBU-52B/B OUTBOARD;CBU-52B;4/6;950.00;306.50;82.30;
365;1;CBU-89/B, A/B CENTER;CBU-89;4/6;702.00;307.40;71.00;
366;1;CBU-89/B, A/B OUTBOARD;CBU-89;4/6;702.00;306.80;82.30;
367;1;CBU-97/B CENTER;CBU-97;4/6;951.00;307.70;71.00;
368;1;CBU-97/B OUTBOARD;CBU-97;4/6;951.00;307.10;82.30;
369;1;M129E2;M129E2;4/6;229.00;311.00;71.00;
370;1;MK 82 LDGP;MK 82 LDGP;4/6;510.00;305.80;71.00;
371;1;MK 82 LDGP (OR BDU-50/B) INBOARD;MK 82 LDGP;4/6;510.00;306.00;61.40;
372;1;MK 82 LDGP (OR BDU-50/B) CENTER;MK 82 LDGP;4/6;510.00;306.60;71.00;
373;1;MK 82 LDGP (OR BDU-50/B) OUTBOARD;MK 82 LDGP;4/6;510.00;306.00;80.60;
374;1;MK 82 AIR;MK 82 AIR;4/6;540.00;307.70;71.00;
375;1;MK 82 AIR INBOARD;MK 82 AIR;4/6;540.00;307.90;61.40;
376;1;MK 82 AIR CENTER;MK 82 AIR;4/6;540.00;308.50;71.00;
377;1;MK 82 AIR OUTBOARD;MK 82 AIR;4/6;540.00;307.90;80.60;
378;1;MK 84 LDGP;MK 84 LDGP;4/6;1970.00;305.40;71.00;
379;1;MK 84 AIR;MK 84 AIR;4/6;2010.00;305.50;71.00;
380;1;BLU-107/B;BLU-107;4/6;482.00;311.10;71.00;
381;1;BLU-107/B INBOARD;BLU-107;4/6;482.00;311.30;61.70;
382;1;BLU-107/B CENTER;BLU-107;4/6;482.00;311.90;71.00;
383;1;BLU-107/B OUTBOARD;BLU-107;4/6;482.00;311.30;80.30;
384;1;GBU-10C/B, D/B, E/B, F/B;GBU-10C/B, D/B, E/B, F/B;4/6;2052.00;303.30;71.00;
385;1;GBU-10G/B, H/B, J/B;GBU-10G/B, H/B, J/B;4/6;2135.00;303.90;71.00;
386;1;GBU-12C/B, D/B, E/B;GBU-12;4/6;611.00;305.10;71.00;
387;1;GBU-24A/B;GBU-24A;4/6;2354.00;304.30;71.00;
388;1;GBU-24/B;GBU-24;4/6;2306.00;304.00;71.00;
389;1;GBU-27A/B;GBU-27A;4/6;2218.00;302.20;71.00;
390;1;GBU-27/B;GBU-27;4/6;2185.00;301.90;71.00;
391;1;BDU-38/B;BDU-38;4/6;716.00;306.00;71.00;
392;1;B-61 MOD 3, 4, 10, CTU-1, CTU-2, and VFA;B-61;4/6;751.00;339.70;120.00;
393;4;2.75” FFAR M-151;2.75” FFAR M-151;4/6;21.00;319.60;71.00;
394;4;2.75” FFAR TARGET MARKING;2.75” FFAR TM;4/6;20.00;319.60;71.00;
395;6;BDU-33B/B, D/B;BDU-33;4/6;24.00;307.30;71.00;
396;3;BDU-33B/B, D/B;BDU-33;4/6;24.00;300.00;71.00;
397;1;BDU-50A/B, /B;BDU-50;4/6;510.00;305.80;71.00;
398;1;BDU-50A/B, /B INBOARD;BDU-50;4/6;510.00;306.00;61.40;
399;1;BDU-50A/B, /B CENTER;BDU-50;4/6;510.00;306.60;71.00;
400;1;BDU-50A/B, /B OUTBOARD;BDU-50;4/6;510.00;306.00;80.60;
401;1;BDU-56/B;BDU-56;4/6;1840.00;303.50;71.00;
402;6;MK 106;MK 106;4/6;5.00;310.00;71.00;
407;1;300 GAL FUEL TANK;300 GAL FUEL TANK;5;383.00;325.84;0.00;
408;1;ALQ-131(V)-13 (SHALLOW, BLOCK II W/O RECEIVER PROCESSOR);ALQ-131(V)-13;5;574.00;308.70;0.00;
409;1;ALQ-131(V)-13 (SHALLOW, BLOCK II W/O RECEIVER PROCESSOR);ALQ-131(V)-13;5;574.00;336.40;0.00;
410;1;ALQ-131(V)-15 (SHALLOW, BLOCK II WITH RECEIVER PROCESSOR);ALQ-131(V)-15;5;614.00;307.10;0.00;
411;1;ALQ-131(V)-15 (SHALLOW, BLOCK II WITH RECEIVER PROCESSOR);ALQ-131(V)-15;5;614.00;334.80;0.00;
412;1;ALQ-184(V)-7;ALQ-184(V)-7;5;631.00;319.20;0.00;
413;1;ALQ-184(V)-8;ALQ-184(V)-8;5;471.00;310.20;0.00;
414;1;ALQ-184(V)-11;ALQ-184(V)-11;5;631.00;319.10;0.00;
415;1;ALQ-184(V)-12;ALQ-184(V)-12;5;474.00;310.50;0.00;
416;1;ALQ-184(V)-14;ALQ-184(V)-14;5;473.00;310.20;0.00;
417;1;ALQ-188(V);ALQ-188(V);5;313.00;312.20;0.00;
418;1;ALQ-188(V)-7, -8, -9, -10;ALQ-188(V)-7, -8, -9, -10;5;328.00;311.10;0.00;
419;1;ALQ-188(V)-13, -14;ALQ-188(V)-13, -14;5;327.00;311.40;0.00;
420;1;ALQ-188(V)-17, -18;ALQ-188(V)-17, -18;5;324.00;311.10;0.00;
421;1;ALQ-188(V)1-100;ALQ-188(V)1-100;5;319.00;312.00;0.00;
422;1;ALQ-188(V)1-101, -102;ALQ-188(V)1-101, -102;5;335.00;313.70;0.00;
423;1;ALQ-188(V)2-200, -201;ALQ-188(V)2-200, -201;5;349.00;312.80;0.00;
424;1;ALQ-188(V)3-300, -301;ALQ-188(V)3-300, -301;5;345.00;313.40;0.00;
425;1;ALQ-131(V)-4 THRU -6 (DEEP W/O RECEIVER PROCESSOR);ALQ-131(V)-4 THRU -6;5;659.00;317.90;0.00;
426;1;ALQ-131(V)-12 (DEEP, BLOCK II W/O RECEIVER PROCESSOR);ALQ-131(V)-12;5;674.00;318.30;0.00;
427;1;ALQ-131(V)-13 (SHALLOW, BLOCK II W/O RECEIVER PROCESSOR);ALQ-131(V)-13;5;574.00;320.30;0.00;
428;1;ALQ-131(V)-14 (DEEP, BLOCK II WITH RECEIVER PROCESSOR);ALQ-131(V)-14;5;674.00;317.40;0.00;
429;1;ALQ-131(V)-15 (SHALLOW, BLOCK II WITH RECEIVER PROCESSOR);ALQ-131(V)-15;5;614.00;318.70;0.00;
430;1;ALQ-184(V)-7;ALQ-184(V)-7;5;631.00;320.80;0.00;
431;1;ALQ-184(V)-8;ALQ-184(V)-8;5;471.00;321.80;0.00;
432;1;ALQ-184(V)-11;ALQ-184(V)-11;5;631.00;330.70;0.00;
433;1;ALQ-184(V)-12;ALQ-184(V)-12;5;474.00;322.20;0.00;
434;1;ALQ-184(V)-14;ALQ-184(V)-14;5;473.00;321.80;0.00;
435;1;370 GAL TANK/PYLON/UNUS;370 TANK/PYLON/UNUS;5;467.00;317.98;71.00;
436;1;16S210 LAUNCHER;16S210;1/9;0.00;373.00;189.40;
437;1;LAU-129/A LAUNCHER;LAU-129/A;1/9;15.00;373.00;189.10;
438;1;16S301 ADAPTER;16S301;2/8;26.00;374.80;157.00;
441;1;16S350 2 DECOYS;16S350 2 DECOYS;2/8;109.00;389.60;157.00;
442;1;16S350 1 DECOY;16S350 1 DECOY;2/8;104.00;389.30;157.00;
443;1;16S350 EMPTY;16S350 EMPTY;2/8;99.00;389.00;157.00;
444;1;16S210 LAUNCHER;16S210;2/8;72.00;355.20;157.00;
445;1;LAU-129/A LAUNCHER;LAU-129/A;2/8;87.00;356.50;157.00;
446;1;16S1700, 16E1608 CRIU;W/P, CRIU;3/7;276.00;346.80;120.00;
447;1;16S1700, 16E10100 ACRIU;W/P, ACRIU;3/7;278.00;346.90;120.00;
448;1;16S1700, 16E1640 NRIU;W/P, NRIU;3/7;280.00;347.80;120.00;
449;1;16S1700, 16E10250 NRIU Rugged;W/P, NRIU Rugged;3/7;281.00;347.80;120.00;
450;1;16S1700, 16E1608 & 16E1640 RIUs;W/P, 16E1608 & 16E1640;3/7;287.00;348.20;120.00;
451;1;16S1700, 16E1608 & 16E10250 RIUs;W/P, 16E1608 & 16E10250;3/7;287.00;348.20;120.00;
452;1;16S1700, 16E10100 & 16E1640 RIUs;W/P, 16E10100 & 16E1640;3/7;289.00;348.40;120.00;
453;1;16S1700, 16E10100 & 16E10250 RIUs;W/P, 16E10100 & 16E10250;3/7;289.00;348.40;120.00;
454;1;16S301 ADAPTER;16S301;3/7;26.00;348.70;120.00;
455;1;16S210 LAUNCHER;16S210;3/7;72.00;329.20;120.00;
456;1;LAU-88/A LAUNCHER;LAU-88/A;3/7;468.00;343.70;120.00;
457;1;LAU-88A/A LAUNCHER;LAU-88A/A;3/7;476.00;344.20;120.00;
458;1;LAU-117/A, A(V)1/A, A(V)3/A;LAU-117/A;3/7;136.00;350.00;120.00;
459;1;LAU-118(V)4/A, A(V)4/A;LAU-118;3/7;120.00;348.10;120.00;
460;1;LAU-129/A LAUNCHER;LAU-129/A;3/7;87.00;330.50;120.00;
461;1;66J45517 TER-9/A;TER-9/A;3/7;93.00;340.80;120.00;
462;1;66J45517 TER-9/A W/SWAY BRACES;TER-9/A;3/7;99.00;340.40;120.00;
463;1;16S1750 TER;TER;3/7;117.00;337.90;120.00;
464;1;16S1750 TER W/SWAY BRACES;TER;3/7;123.00;337.70;120.00;
465;1;LAU-3/A, B/A, C/A, D/A POD;LAU-3;3/7;78.00;344.60;120.00;
466;1;LAU-3/A, B/A, C/A, D/A POD CENTER;LAU-3;3/7;78.00;345.40;120.00;
467;1;LAU-3/A, B/A, C/A, D/A POD OUTBOARD;LAU-3;3/7;78.00;344.70;131.30;
468;1;LAU-68A/A, B/A POD CENTER;LAU-3;3/7;67.00;343.30;120.00;
469;1;LAU-68A/A, B/A POD OUTBOARD;LAU-3;3/7;67.00;342.70;129.40;
470;1;LAU-118A(V)4/A LAUNCHER INBOARD;LAU-118A;3/7;120.00;348.30;111.10;
471;1;LAU-118A(V)4/A LAUNCHER OUTBOARD;LAU-118A;3/7;120.00;348.30;128.90;
472;1;LAU-131/A POD CENTER;LAU-131;3/7;69.00;344.10;120.00;
473;1;LAU-131/A POD OUTBOARD;LAU-131;3/7;69.00;343.50;120.00;
474;1;SUU-20A/A POD;SUU-20A;3/7;330.00;339.00;120.00;
475;1;SUU-20B/A POD;SUU-20B;3/7;276.00;338.70;120.00;
476;1;BRU-57/A;BRU-57/A;3/7;262.00;339.20;120.00;
477;2;LAU-3/A, B/A, C/A, D/A PODS CENTER & OUTBOARD;2 X LAU-3/A;3/7;78.00;345.00;125.65;
478;2;LAU-68A/A, B/A POD CENTER & OUTBOARD;2 X LAU-68A;3/7;67.00;343.00;124.70;
479;2;LAU-118A(V)4/A LAUNCHER INBOARD & OUTBOARD;2 X LAU-118A;3/7;120.00;348.30;120.00;
480;2;LAU-131/A POD CENTER & OUTBOARD;2 X LAU-131/A;3/7;69.00;343.80;124.70;
481;2;AGM-65A, B INBOARD & CENTER;2 x AGM-65A,B;3/7;464.00;337.25;111.85;
482;2;AGM-65A, B INBOARD & OUTBOARD;2 x AGM-65A,B;3/7;464.00;336.90;120.00;
483;2;AGM-65A, B CENTER & OUTBOARD;2 x AGM-65A,B;3/7;464.00;337.25;128.20;
484;3;AGM-65A, B ALL STATIONS;3 x AGM-65A,B;3/7;464.00;337.13;120.00;
485;2;AGM-65D INBOARD & CENTER;2 x AGM-65D;3/7;486.00;336.05;111.85;
486;2;AGM-65D INBOARD & OUTBOARD;2 x AGM-65D;3/7;486.00;335.70;120.00;
487;2;AGM-65D CENTER & OUTBOARD;2 x AGM-65D;3/7;486.00;336.05;128.20;
488;3;AGM-65D ALL STATIONS;3 x AGM-65D;3/7;486.00;335.93;120.00;
489;2;AGM-65H INBOARD & CENTER;2 x AGM-65H;3/7;471.00;336.75;111.85;
490;2;AGM-65H INBOARD & OUTBOARD;2 x AGM-65H;3/7;471.00;336.40;120.00;
491;2;AGM-65H CENTER & OUTBOARD;2 x AGM-65H;3/7;471.00;336.75;128.20;
492;3;AGM-65H ALL STATIONS;3 x AGM-65H;3/7;471.00;336.63;120.00;
493;2;AGM-154/A INBOARD & OUTBOARD;2 x AGM-154/A;3/7;1064.00;339.60;120.00;
494;2;AGM-154/B INBOARD & OUTBOARD;2 x AGM-154/B;3/7;1046.00;338.80;120.00;
495;38;ROCKETS W/MK-4 RM & M151 OR M156 WARHEAD ALL STATIONS;ROCKETS;3/7;22.00;336.85;125.65;
496;38;ROCKETS W/MK-4 RM & MK-1 OR MK-5 WARHEAD ALL STATIONS;ROCKETS;3/7;18.00;337.20;125.65;
497;14;ROCKETS W/MK-4 RM & M151 OR M156 WARHEAD ALL STATIONS;ROCKETS;3/7;22.00;339.95;124.70;
498;14;ROCKETS W/MK-4 RM & MK-1 OR MK-5 WARHEAD ALL STATIONS;ROCKETS;3/7;18.00;342.90;124.70;
499;2;CBU-87/B, A/B, B/B, C/B CENTER & OUTBOARD;CBU-87;3/7;950.00;339.60;125.65;
500;2;CBU-89/B, A/B CENTER & OUTBOARD;CBU-89;3/7;702.00;339.90;125.65;
501;2;CBU-97/B CENTER & OUTBOARD;CBU-97;3/7;951.00;340.20;125.65;
502;2;CBU-103/B, A/B, B/B (WCMD) INBOARD & OUTBOARD;CBU-103;3/7;957.00;340.40;120.00;
503;2;CBU-104/B, A/B (WCMD) INBOARD & OUTBOARD;CBU-104;3/7;744.00;342.60;120.00;
504;2;CBU-105/B, A/B, B/B (WCMD) INBOARD & OUTBOARD;CBU-105;3/7;945.00;342.00;120.00;
505;2;CBU-105D/B (WCMD) INBOARD & OUTBOARD;CBU-105D;3/7;946.00;342.00;120.00;
506;2;CBU-107/B (WCMD) INBOARD & OUTBOARD;CBU-107;3/7;996.00;341.90;120.00;
507;2;MK 82 LDGP (OR BDU-50/B) INBOARD & CENTER;2 x MK 82 LDGP;3/7;510.00;339.10;115.20;
508;2;MK 82 LDGP (OR BDU-50/B) INBOARD & OUTBOARD;2 x MK 82 LDGP;3/7;510.00;338.80;120.00;
509;2;MK 82 LDGP (OR BDU-50/B) CENTER & OUTBOARD;2 x MK 82 LDGP;3/7;510.00;339.10;124.80;
510;3;MK 82 LDGP (OR BDU-50/B) ALL STATIONS;2 x MK 82 LDGP;3/7;510.00;339.20;120.00;
511;2;MK 82 AIR INBOARD & CENTER;2 x MK 82 AIR;3/7;540.00;341.00;115.20;
512;2;MK 82 AIR INBOARD & OUTBOARD;2 x MK 82 AIR;3/7;540.00;340.70;120.00;
513;2;MK 82 AIR CENTER & OUTBOARD;2 x MK 82 AIR;3/7;540.00;341.00;124.80;
514;3;MK 82 AIR ALL STATIONS;3 x MK 82 AIR;3/7;540.00;340.90;120.00;
515;2;BLU-107/B INBOARD & CENTER;2 x BLU-107;3/7;482.00;344.40;115.35;
516;2;BLU-107/B INBOARD & OUTBOARD;2 x BLU-107;3/7;482.00;344.10;120.00;
517;2;BLU-107/B CENTER & OUTBOARD;2 x BLU-107;3/7;482.00;344.40;124.65;
518;3;BLU-107/B ALL STATIONS;3 x BLU-107;3/7;482.00;344.30;120.00;
519;2;GBU-38(V)/B (JDAM) INBOARD & OUTBOARD;2 x GBU-38;3/7;547.00;341.60;120.00;
520;2;GBU-38B/B (JDAM) INBOARD & OUTBOARD;2 x GBU-38B;3/7;551.00;341.70;120.00;
521;2;GBU-38C/B (JDAM) INBOARD & OUTBOARD;2 x GBU-38C;3/7;552.00;341.90;120.00;
522;2;GBU-38(V)4/B (LCBD-JDAM) INBOARD & OUTBOARD;2 x GBU-38(V)4;3/7;555.00;342.00;120.00;
523;2;GBU-38B(V)4/B (LCBD-JDAM) INBOARD & OUTBOARD;2 x GBU-38B(V)4;3/7;554.00;342.00;120.00;
524;2;GBU-38C(V)4/B (LCBD-JDAM) INBOARD;2 x GBU-38C(V)4;3/7;556.00;342.10;120.00;
525;2;GBU-38(V)5/B, B(V)5/B, C(V)5/B (BLU-129) INBOARD & OUTBOARD;2 x GBU-38(V)5;3/7;567.00;341.40;120.00;
526;2;GBU-54(V)1/B (L-JDAM) INBOARD & OUTBOARD;2 x GBU-54(V)1;3/7;564.00;341.60;120.00;
527;2;GBU-54B(V)1/B (L-JDAM) INBOARD & OUTBOARD;2 x GBU-54B(V)1;3/7;565.00;341.60;120.00;
528;2;GBU-54C(V)1/B (L-JDAM) INBOARD & OUTBOARD;2 x GBU-54C(V)1;3/7;565.00;341.60;120.00;
529;2;GBU-54(V)5/B, B(V)5/B, C(V)5/B (BLU-129) INBOARD & OUTBOARD;2 x GBU-54(V)5;3/7;567.00;341.40;120.00;
530;2;GBU-12B/B, C/B, D/B, E/B CENTER & OUTBOARD;2 x GBU-12;3/7;611.00;338.40;124.80;
531;2;GBU-51/B (LCBD-PW II) CENTER & OUTBOARD;2 x GBU-51;3/7;620.00;337.10;124.85;
533;2;MINIATURE AIR LAUNCHED DECOY (MALD) CENTER & OUTBOARD;2 x MALD;3/7;101.00;340.10;124.00;
534;2;MINIATURE AIR LAUNCHED DECOY (MALD) INBOARD & OUTBOARD;2 x MALD;3/7;101.00;339.90;120.00;
535;2;BDU-50A/B, /B INBOARD & CENTER;2 x BDU-50;3/7;510.00;339.10;115.20;
536;2;BDU-50A/B, /B INBOARD & OUTBOARD;2 x BDU-50;3/7;510.00;338.80;120.00;
537;2;BDU-50A/B, /B CENTER & OUTBOARD;2 x BDU-50;3/7;510.00;339.10;124.80;
538;3;BDU-50A/B, /B ALL STATIONS;3 x BDU-50;3/7;510.00;339.02;120.00;
539;1;16S1700, 16E1608 CRIU;W/P, CRIU;4/6;276.00;314.00;71.00;
540;1;16S1700, 16E10100 ACRIU;W/P, ACRIU;4/6;278.00;314.00;71.00;
541;1;16S1700, 16E1640 NRIU;W/P, NRIU;4/6;280.00;315.00;71.00;
542;1;16S1700, 16E10250 Rugged NRIU;W/P, Rugged NRIU;4/6;281.00;315.00;71.00;
543;1;16S1700, 16E1608 and 16E1640 RIUs;W/P, 16E1608 & 16E1640;4/6;287.00;315.00;71.00;
544;1;16S1700, 16E1608 and 16E10250 RIUs;W/P, 16E1608 & 16E10250;4/6;287.00;315.00;71.00;
545;1;16S1700, 16E10100 and 16E1640 RIUs;W/P, 16E10100 & 16E1640;4/6;289.00;316.00;71.00;
546;1;16S1700, 16E10100 and 16E10250 RIUs;W/P, 16E10100 & 16E10250;4/6;289.00;316.00;71.00;
547;1;16S401 FUEL PYLON (370-GAL.);FUEL PYLON (370 GAL);4/6;199.00;327.00;71.00;
548;1;16S1300 FUEL PYLON (370-GAL.);FUEL PYLON (370 GAL);4/6;219.00;328.00;71.00;
549;1;66J45517 TER-9/A;TER-9/A;4/6;93.00;308.30;71.00;
550;1;66J45517 TER-9/A (W SWAY BRACES);TER-9/A;4/6;99.00;307.60;71.00;
551;1;16S1750 TER;TER;4/6;117.00;305.10;71.00;
552;1;16S1750 TER (W SWAY BRACES);TER;4/6;123.00;304.90;71.00;
553;1;LAU-3/A, B/A, C/A, D/A POD;LAU-3/A;4/6;78.00;311.80;71.00;
554;1;SUU-20A/A POD;SUU-20A;4/6;330.00;306.20;71.00;
555;1;SUU-20B/A POD;SUU-20B;4/6;276.00;305.90;71.00;
556;1;PIVOT BALL & MISC.;PIVOT BALL & MISC.;4/6;8.00;333.70;71.00;
557;1;16S1800 FUEL PYLON (600-GAL.);FUEL PYLON (600 GAL);4/6;295.00;326.30;71.00;
558;2;CBU-52B/B CENTER & OUTBOARD;2 x CBU-52B;4/6;950.00;306.80;76.65;
559;2;CBU-89/B, A/B CENTER & OUTBOARD;2 x CBU-89;4/6;702.00;307.10;76.65;
560;2;CBU-97/B CENTER & OUTBOARD;2 x CBU-97;4/6;951.00;307.40;76.65;
561;2;MK 82 LDGP (OR BDU-50/B) INBOARD & CENTER;2 x MK 82 LDGP;4/6;510.00;306.30;66.20;
562;2;MK 82 LDGP (OR BDU-50/B) INBOARD & OUTBOARD;2 x MK 82 LDGP;4/6;510.00;306.00;71.00;
563;2;MK 82 LDGP (OR BDU-50/B) CENTER & OUTBOARD;2 x MK 82 LDGP;4/6;510.00;306.30;75.80;
564;3;MK 82 LDGP (OR BDU-50/B) ALL STATIONS;3 x MK 82 LDGP;4/6;510.00;306.20;71.00;
565;2;MK 82 AIR INBOARD & CENTER;2 x MK 82 AIR;4/6;540.00;308.20;66.20;
566;2;MK 82 AIR INBOARD & OUTBOARD;2 x MK 82 AIR;4/6;540.00;307.90;71.00;
567;2;MK 82 AIR CENTER & OUTBOARD;2 x MK 82 AIR;4/6;540.00;308.20;75.80;
568;3;MK 82 AIR ALL STATIONS;3 x MK 82 AIR;4/6;540.00;308.10;71.00;
569;2;BLU-107/B INBOARD & CENTER;2 x BLU-107;4/6;482.00;311.60;66.35;
570;2;BLU-107/B INBOARD & OUTBOARD;2 x BLU-107;4/6;482.00;311.30;71.00;
571;2;BLU-107/B CENTER & OUTBOARD;2 x BLU-107;4/6;482.00;311.60;75.65;
572;3;BLU-107/B ALL STATIONS;3 x BLU-107;4/6;482.00;311.50;71.00;
573;2;BDU-50A/B, /B INBOARD & CENTER;2 x BDU-50;4/6;510.00;306.30;66.20;
574;2;BDU-50A/B, /B INBOARD & OUTBOARD;2 x BDU-50;4/6;510.00;306.00;71.00;
575;2;BDU-50A/B, /B CENTER & OUTBOARD;2 x BDU-50;4/6;510.00;306.30;75.80;
576;3;BDU-50A/B, /B ALL STATIONS;3 x BDU-50;4/6;510.00;306.20;71.00;
577;1;16S951 UNIVERSAL PYLON W/16E1608 CRIU;16S951, CRIU;5;172.00;307.20;0.00;
578;1;16S951 UNIVERSAL PYLON W/16E10100 ACRIU;16S951, ACRIU;5;174.00;306.90;0.00;
579;1;16S951 UNIVERSAL PYLON (RIU removed);16S951, RIU REMOVED;5;160.00;307.20;0.00;
580;1;16S601 ECM ADAPTER;16S601 ECM ADAPTER;5;43.00;319.40;0.00;
581;1;370 TANK/PYLON/UNUSABLE FUEL;370 TANK/PYLON/UNUS;4/6;467.00;317.98;71.00;
582;1;CATM-120D;CATM-120D;1/9;347.00;360.23;185.87;
583;1;CATM-9X;CATM-9X;2/8;190.00;355.26;156.84;
584;1;YAGM-88F;YAGM-88F;3/7;795.00;325.66;120.00;
